Model,Threshold,Accuracy,Precision,Recall,F1 Score
XGBoost,0.35,0.8059350603264727,0.9684315463003987,0.6812904231278735,0.7998719180275377
Random Forest,0.45,0.7915188076650106,0.9670380153899162,0.6561209382061872,0.7818012999071495
Neural Network,0.45,0.7818044712562101,0.9712958551691282,0.635471051196135,0.7682886617363041
